sessionId,userId,movieId,tag,timestamp
0,15,339,sandra 'boring' bullock,2006-01-29 17:59:30
1,15,1955,dentist,2007-10-27 03:14:21
2,15,7478,Cambodia,2007-02-04 09:19:57
3,15,32892,Russian,2007-02-05 03:29:26
4,15,34162,forgettable,2006-03-03 18:46:05
5,15,35957,short,2006-03-03 18:47:53
6,15,37729,dull story,2006-03-03 18:46:46
7,15,45950,powerpoint,2007-01-24 10:54:51
8,15,100365,activist,2015-03-09 10:13:40
9,15,100365,documentary,2015-03-09 10:13:40
10,15,100365,uganda,2015-03-09 10:13:40
11,23,150,Ron Howard,2006-05-27 01:18:25
12,68,2174,music,2009-08-09 14:24:24
13,68,2174,weird,2009-08-09 14:25:02
14,68,8623,Steve Martin,2009-08-09 14:31:37
15,73,107999,action,2015-05-05 09:43:04
16,73,107999,anime,2015-05-05 09:43:04
17,73,107999,kung fu,2015-05-05 09:43:04
18,73,111624,drama,2015-05-14 11:51:37
19,73,111624,indie,2015-05-14 11:51:37
20,73,111624,love,2015-05-14 11:51:37
21,73,130682,b movie,2015-05-25 08:45:04
22,73,130682,comedt,2015-05-25 08:45:04
23,73,130682,horror,2015-05-25 08:45:04
24,77,1199,Trilogy of the Imagination,2006-11-11 10:10:43
25,77,2968,Gilliam,2006-11-11 10:12:18
26,77,2968,Trilogy of the Imagination,2006-11-11 10:10:39
27,77,4467,Trilogy of the Imagination,2006-11-11 10:11:05
28,77,4911,Gilliam,2006-11-11 10:12:47
29,77,5909,Takashi Miike,2006-11-11 10:03:11
30,77,47465,Gilliam,2006-11-11 10:13:06
31,84,296,intense,2015-04-25 03:06:57
32,84,296,r:violence,2015-04-25 03:06:57
33,84,296,tarantino,2015-04-25 03:06:57
34,91,4388,parody,2015-11-29 21:41:42
35,94,1131,emotional,2010-12-08 09:42:22
36,94,1131,tragedy,2010-12-08 09:42:18
37,94,64957,original plot,2010-12-08 09:37:26
38,94,74458,Predictable,2010-12-08 09:32:00
39,106,48711,CHRISTIAN,2008-07-13 09:59:24
40,132,4189,jesus,2013-05-07 12:29:09
41,132,4612,jesus,2013-05-07 12:29:09
42,132,6683,bollywood,2013-05-07 12:28:33
43,132,6986,jesus,2013-05-07 12:29:09
44,132,27255,No progress,2010-09-04 11:47:25
45,132,27255,Too slow,2010-09-04 11:47:25
46,132,27255,Views,2010-09-04 11:47:25
47,138,260,cult classic,2015-08-24 06:47:02
48,138,260,Science Fiction,2015-08-24 06:46:58
49,138,1258,cult film,2015-08-24 07:09:21
50,138,1258,jack nicholson,2015-08-24 07:09:15
51,138,1258,psychological,2015-08-24 07:09:17
52,138,1258,Stanley Kubrick,2015-08-24 07:09:12
53,138,1704,genius,2015-08-24 07:11:07
54,138,1704,intellectual,2015-08-24 07:11:03
55,138,1704,mathematics,2015-08-24 07:11:06
56,138,1704,psychology,2015-08-24 07:11:10
57,138,4226,Mindfuck,2015-08-24 07:05:25
58,138,4226,nonlinear,2015-08-24 07:05:13
59,138,4226,psychology,2015-08-24 07:05:15
60,138,4226,twist ending,2015-08-24 07:05:18
61,138,4995,genius,2015-08-24 07:10:40
62,138,4995,intelligent,2015-08-24 07:10:46
63,138,4995,math,2015-08-24 07:10:38
64,138,4995,mathematics,2015-08-24 07:10:36
65,138,4995,twist ending,2015-08-24 07:10:48
66,138,48780,Christopher Nolan,2015-08-24 07:04:13
67,138,48780,complicated,2015-08-24 07:04:22
68,138,48780,Hugh Jackman,2015-08-24 07:04:32
69,138,48780,nonlinear,2015-08-24 07:04:27
70,138,48780,psychological,2015-08-24 07:04:24
71,138,48780,twist ending,2015-08-24 07:04:07
72,138,79132,alternate reality,2015-08-24 07:07:13
73,138,79132,Christopher Nolan,2015-08-24 07:07:35
74,138,79132,intellectual,2015-08-24 07:07:31
75,138,79132,mindfuck,2015-08-24 07:07:32
76,138,79132,philosophy,2015-08-24 07:07:22
77,138,79132,sci-fi,2015-08-24 07:07:19
78,138,79132,twist ending,2015-08-24 07:07:25
79,138,109487,artificial intelligence,2015-08-24 07:03:04
80,138,109487,Christopher Nolan,2015-08-24 07:03:21
81,138,109487,good science,2015-08-24 07:02:57
82,138,109487,interesting ideea,2015-08-24 07:03:11
83,138,109487,philosophical issues,2015-08-24 07:03:16
84,138,109487,physics,2015-08-24 07:02:05
85,138,109487,relativity,2015-08-24 07:11:40
86,138,109487,sci-fi,2015-08-24 07:03:28
87,138,109487,sentimental,2015-08-24 07:03:13
88,138,109487,space,2015-08-24 07:02:54
89,138,109487,time travel,2015-08-24 07:03:01
90,138,109487,time-travel,2015-08-24 07:02:48
91,149,121231,eerie,2015-07-15 06:05:51
92,149,121231,friendship,2015-07-15 06:05:51
93,149,121231,teenagers,2015-07-15 06:05:51
94,152,52319,World War II,2012-05-02 01:00:22
95,164,608,Quirky,2007-05-13 10:07:25
96,176,5445,Tom Cruise,2013-09-05 18:09:13
97,176,7458,Brad Pitt,2012-06-30 16:54:05
98,176,8972,Nicolas Cage,2012-06-30 16:52:58
99,176,69640,Johnny Depp,2012-06-29 02:14:14
100,176,104841,sexist,2013-11-10 23:43:04
101,179,260,nerdy,2015-07-12 08:29:33
102,179,260,Science Fiction,2015-07-12 08:29:28
103,187,2082,Emilio Estevez,2009-02-02 01:09:35
104,200,260,critically acclaimed,2015-07-26 23:15:56
105,200,260,Science Fiction,2015-07-26 23:16:03
106,200,80551,strong female presence,2015-07-28 00:30:07
107,212,1061,emotional,2009-09-26 07:25:28
108,212,1061,revenge,2009-09-26 07:25:31
109,212,1061,true story,2009-09-26 07:25:49
110,212,1732,cult film,2009-09-26 07:12:53
111,212,1732,dark comedy,2009-09-26 07:12:52
112,212,1732,satirical,2009-09-26 07:12:56
113,212,2359,British,2009-09-26 07:23:54
114,212,2641,childish plot,2009-09-26 07:29:50
115,212,2641,plot holes,2009-09-26 07:29:55
116,212,2641,superhero,2009-09-26 07:29:59
117,212,3257,Kevin Costner,2009-09-26 07:32:19
118,212,3257,snorefest,2009-09-26 07:32:23
119,212,3275,vigilantism,2008-08-11 03:29:54
120,212,3300,anti-hero,2009-09-26 07:21:57
121,212,3300,Cole Hauser,2009-09-26 07:22:02
122,212,3300,Vin Diesel,2009-09-26 07:21:50
123,212,3301,Amanda Peet,2009-09-26 07:19:58
124,212,3301,Matthew Perry,2009-09-26 07:20:02
125,212,3301,Rosanna Arquette,2009-09-26 07:20:13
126,212,3809,Bill Murray,2009-09-26 07:43:25
127,212,3809,quirky,2009-09-26 07:43:36
128,212,3882,cheerleading,2009-09-26 08:11:13
129,212,3882,Eliza Dushku,2009-09-26 08:11:16
130,212,3882,Overrated,2009-09-26 08:11:18
131,212,4069,standard romantic comedy,2009-09-26 08:28:02
132,212,5219,video game adaptation,2009-09-26 07:33:07
133,212,5507,play enough video games and you can become an NSA agent,2009-09-26 07:29:05
134,212,5507,ridiculous training sequence,2009-09-26 07:29:02
135,212,7373,Guillermo del Toro,2009-09-26 07:11:30
136,212,7373,steampunk,2009-09-26 07:11:36
137,212,7373,superhero,2009-09-26 07:11:33
138,212,8861,Oded Fehr,2009-09-26 07:33:44
139,212,8861,post-apocalyptic,2009-09-26 07:33:56
140,212,8861,Sienna Guillory,2009-09-26 07:33:53
141,212,8861,zombies,2009-09-26 07:34:04
142,212,8928,Beautiful Woman,2009-09-26 06:28:55
143,212,8928,campy,2009-09-26 06:28:43
144,212,8928,irreverent,2009-09-26 06:28:46
145,212,8928,quirky,2009-09-26 06:28:48
146,212,8928,Roman Polanski,2009-09-26 06:28:50
147,212,27904,good animation,2009-09-26 07:44:01
148,212,27904,interesting concept - bad execution,2009-09-26 07:43:54
149,212,27904,surrealism,2009-09-26 07:44:04
150,212,34405,aliens,2009-09-26 06:59:57
151,212,34405,black comedy,2009-09-26 06:59:50
152,212,34405,Firefly,2009-09-26 06:59:45
153,212,37733,disappointing,2009-09-26 07:15:14
154,212,37733,overrated,2009-09-26 07:15:32
155,212,37733,Viggo Mortensen,2009-09-26 07:15:18
156,212,48394,dark,2008-08-11 03:30:27
157,212,48394,fairytale,2008-08-11 03:30:27
158,212,60684,alternate reality,2009-09-26 06:25:26
159,212,60684,diluted version of comic,2009-09-26 06:25:11
160,212,60684,dystopia,2009-09-26 06:25:17
161,212,60684,stylized,2009-09-26 06:25:19
162,212,63992,high school,2009-09-26 08:04:29
163,212,63992,Kristen Stewart,2009-09-26 08:04:44
164,212,63992,Robert Pattinson,2009-09-26 08:04:41
165,212,63992,Teen movie,2009-09-26 08:04:19
166,212,63992,Vampire Human Love,2009-09-26 08:04:23
167,212,64957,adapted from:book,2009-09-26 07:09:44
168,212,64957,Aging Disorder,2009-09-26 07:09:49
169,212,64957,Brad Pitt,2009-09-26 07:09:01
170,212,64957,cinematography,2009-09-26 07:09:37
171,212,64957,drama,2009-09-26 07:09:33
172,212,64957,original plot,2009-09-26 07:09:40
173,212,64957,slow parts,2009-09-26 07:09:22
174,212,64957,touching,2009-09-26 07:09:29
175,212,66097,alternate universe,2009-09-26 06:22:34
176,212,66097,author:Neil Gaiman,2009-09-26 06:22:08
177,212,66097,claymation,2009-09-26 06:22:10
178,212,66097,Dakota Fanning,2009-09-26 06:22:29
179,212,66097,dark,2009-09-26 06:22:17
180,212,66097,fairy tale,2009-09-26 06:22:44
181,212,66097,Neil Gaiman,2009-09-26 06:22:40
182,212,66934,Captain Hammer,2009-09-26 06:19:25
183,212,66934,joss whedon,2009-09-26 06:19:18
184,212,66934,mad scientist,2009-09-26 06:19:46
185,212,66934,musical,2009-09-26 06:19:38
186,212,66934,Nathan Fillion,2009-09-26 06:19:42
187,212,66934,Neil Patrick Harris,2009-09-26 06:19:20
188,212,66934,parody,2009-09-26 06:19:28
189,212,68157,Brad Pitt,2009-09-26 06:24:03
190,212,68157,ending,2009-09-26 06:24:11
191,212,68157,gratuitous violence,2009-09-26 06:23:49
192,212,68157,Quentin Tarantino,2009-09-26 06:23:24
193,212,68157,satire,2009-09-26 06:23:55
194,212,68157,unusual plot structure,2009-09-26 06:23:37
195,212,68157,violence,2009-09-26 06:23:46
196,212,68157,World War II,2009-09-26 06:23:28
197,212,68319,action,2009-09-26 07:05:34
198,212,68319,bad plot,2009-09-26 07:05:50
199,212,68319,hugh jackman,2009-09-26 07:05:26
200,212,68319,superhero,2009-09-26 07:05:35
201,212,68319,too long,2009-09-26 07:05:54
202,212,69526,bad plot,2009-09-26 07:17:16
203,212,69526,robots,2009-09-26 07:17:37
204,212,69526,sufficiently explodey to be good,2009-09-26 07:17:19
205,212,69712,Abigail Breslin,2009-12-13 12:38:18
206,212,69712,ending,2009-12-13 12:37:33
207,212,69712,genuine characters,2009-12-13 12:38:06
208,212,69712,Jason Patric,2009-12-13 12:38:25
209,212,71057,animation style,2009-09-26 06:18:20
210,219,46970,funny,2006-08-28 23:45:18
211,219,46970,nascar,2006-08-28 23:45:04
212,219,46970,will farell,2006-08-28 23:45:13
213,219,47640,beer,2006-08-28 23:42:44
214,219,47640,guy movie,2006-08-28 23:42:54
215,255,6985,breathtaking,2009-03-15 01:26:45
216,255,7361,i'd like to live in this movie,2009-03-15 01:19:00
217,255,44555,breathtaking,2009-03-15 01:20:35
218,257,3030,akira kurosawa,2012-05-27 07:43:53
219,257,3030,black comedy,2012-05-27 07:43:42
220,277,5618,anime,2016-05-22 16:54:35
221,277,5618,children,2016-05-22 16:55:04
222,277,5618,fantasy,2016-05-22 16:54:49
223,277,5971,fantasy,2016-05-22 16:56:26
224,277,5971,feel-good,2016-05-22 16:56:41
225,277,82461,bad acting,2016-05-22 17:02:56
226,277,82461,bad plot,2016-05-22 17:02:52
227,277,104283,anime,2016-05-22 16:58:04
228,277,132046,sci-fi,2016-05-22 17:03:37
229,294,6754,vampire,2006-02-03 21:47:49
230,294,8865,1940's feel,2006-02-20 06:08:50
231,294,8865,unique look,2006-02-20 06:08:50
232,294,36401,fairy tales,2006-02-03 21:41:04
233,297,104,adam sandler,2011-10-16 00:51:44
234,297,608,overrated,2011-10-16 00:55:39
235,297,1103,overrated,2011-10-16 00:46:22
236,297,2502,that fat nerd is just annoying,2011-10-16 00:45:18
237,297,8528,seen it before,2011-10-16 00:50:49
238,297,47640,Just stupid,2011-10-16 00:52:16
239,297,52973,overrated,2011-10-16 00:51:10
240,297,55820,overrated,2011-10-16 00:55:05
241,297,61024,Exellent first half,2011-10-16 00:44:13
242,297,61024,terrible ending,2011-10-16 00:44:02
243,297,76251,Gore!!!,2011-10-16 00:47:55
244,297,76251,sort of honest,2011-10-16 00:48:16
245,297,78209,Lame everything,2011-10-16 00:47:07
246,313,153,Ei muista,2007-01-15 22:13:44
247,313,293,Ei muista,2007-01-15 21:54:52
248,313,434,Ei muista,2007-01-15 22:13:26
249,313,494,Ei muista,2007-01-15 22:04:04
250,313,593,Katso Sanna!,2006-05-01 15:18:58
251,313,745,Ei muista,2006-05-01 15:09:24
252,313,780,Ei muista,2007-01-15 21:59:38
253,313,858,Katso Sanna!,2006-05-01 15:16:34
254,313,1036,Ei muista,2007-01-15 21:56:28
255,313,1042,Katso Sanna!,2006-05-01 15:22:13
256,313,1120,Katso Sanna!,2006-05-01 15:21:58
257,313,1200,Katso Sanna!,2006-05-01 15:21:42
258,313,1291,Ei muista,2006-05-01 15:08:28
259,313,1610,Katso Sanna!,2006-05-01 15:14:52
260,313,1617,Ei muista,2007-01-15 21:59:53
261,313,2273,Ei muista,2006-05-01 15:20:49
262,313,2329,Ei muista,2006-05-01 15:20:33
263,313,2600,Ei muista,2007-01-15 22:06:43
264,313,2985,Ei muista,2007-01-15 22:02:23
265,313,2989,Ei muista,2007-01-15 22:06:12
266,313,3160,Ei muista,2007-01-15 22:02:16
267,313,3175,Ei muista,2007-01-15 22:17:27
268,313,3499,Ei muista,2007-01-15 22:02:07
269,313,3793,Katso Sanna!,2006-05-01 15:19:14
270,313,3916,Ei muista,2006-05-01 15:07:45
271,313,3949,Ei muista,2007-01-15 22:01:37
272,313,3994,Ei muista,2007-01-15 22:16:51
273,313,4011,Ei muista,2007-01-15 21:56:03
274,313,4023,ei muista,2006-05-01 15:25:41
275,313,4121,Katso Sanna!,2006-05-01 15:23:53
276,313,4223,Ei muista,2006-05-01 15:07:54
277,313,4638,Ei muista,2006-05-01 15:23:37
278,313,5064,Ei muista,2006-05-01 15:07:05
279,313,5602,Ei muista,2007-01-15 22:15:53
280,313,6218,Ei muista,2006-05-01 15:23:04
281,313,7347,Ei muista,2007-01-15 22:09:37
282,313,8781,Ei muista,2007-01-15 22:09:21
283,313,44199,Ei muista,2007-01-15 21:56:46
284,314,260,awesome,2015-07-20 02:05:54
285,314,260,awesome soundtrack,2015-07-20 02:05:50
286,314,260,jedi,2015-07-20 02:05:39
287,314,260,space adventure,2015-07-20 02:05:30
288,346,741,anime,2006-10-02 01:58:51
289,346,924,boring,2006-10-02 01:53:40
290,346,924,slow,2006-10-02 01:53:40
291,346,1036,explosions,2006-10-02 01:58:08
292,346,1199,dystopia,2006-10-02 01:57:01
293,346,1274,anime,2006-10-02 01:54:05
294,346,2019,long,2006-10-02 02:02:14
295,346,2571,sci-fi,2006-10-02 02:00:34
296,346,2571,virtual reality,2006-10-02 02:00:36
297,346,2924,martial arts,2006-10-02 01:58:22
298,346,2997,interesting,2006-10-02 01:56:03
299,346,3265,explosions,2006-10-02 01:59:12
300,346,3265,martial arts,2006-10-02 01:59:12
301,346,3996,martial arts,2006-10-02 01:57:25
302,346,4993,long,2006-10-02 02:00:00
303,346,5782,explosions,2006-10-02 02:01:23
304,346,5782,interesting,2006-10-02 02:01:23
305,346,5902,boring,2006-10-02 01:53:53
306,346,5952,boring,2006-10-02 02:00:22
307,346,5952,long,2006-10-02 02:00:22
308,346,6350,anime,2006-10-02 01:56:57
309,346,6539,Johnny Depp,2006-10-02 02:00:56
310,346,6857,anime,2006-10-02 02:00:52
311,346,7022,explosions,2006-10-02 01:55:26
312,346,7022,martial arts,2006-10-02 01:57:47
313,346,7090,martial arts,2006-10-02 01:59:15
314,346,7153,boring,2006-10-02 02:00:08
315,346,7153,long,2006-10-02 02:00:08
316,346,7361,interesting,2006-10-02 01:58:35
317,346,7844,martial arts,2006-10-02 01:59:49
318,346,8795,Long,2006-10-02 01:52:45
319,346,8874,comedy,2006-10-02 02:02:25
320,346,8874,zombies,2006-10-02 02:02:25
321,346,8961,super-hero,2006-10-02 01:59:23
322,346,26554,apocalypse,2006-10-02 02:01:46
323,346,26554,interesting,2006-10-02 02:01:46
324,346,26585,explosions,2006-10-02 01:56:19
325,346,31878,comedy,2006-10-02 01:59:44
326,346,31878,martial arts,2006-10-02 01:59:44
327,346,31878,Stephen Chow,2006-10-02 01:59:44
328,346,33794,bad camerawork,2006-10-02 01:55:01
329,346,33794,slow,2006-10-02 01:55:01
330,347,1721,romance,2016-05-16 00:02:51
331,347,122886,space,2016-05-16 00:03:37
332,347,122886,star,2016-05-16 00:03:33
333,353,4721,As historicaly correct as Germany winning WW2,2006-02-20 04:14:16
334,353,4721,but still a fun movie.,2006-02-20 04:14:16
335,353,7376,"The Rocks ""finest"" work need I say more?",2006-02-20 04:21:51
336,353,31221,Try not to mistake this for an episode of Alias,2006-02-20 04:23:15
337,353,32025,Mossad,2006-03-18 18:32:24
338,353,35836,dumb,2006-01-14 11:14:00
339,364,47,biblical,2015-10-11 09:12:56
340,364,47,crime,2015-10-11 09:13:02
341,364,47,dark,2015-10-11 09:13:14
342,364,47,disturbing,2015-10-11 09:12:51
343,364,47,greed,2015-10-11 09:13:18
344,364,47,horror,2015-10-11 09:13:01
345,364,47,serial killer,2015-10-11 09:12:41
346,364,47,violent,2015-10-11 09:13:05
347,364,50,thriller,2015-10-11 09:12:12
348,364,232,aging,2015-10-11 08:09:41
349,364,232,Ang Lee,2015-10-11 08:09:37
350,364,232,cooking,2015-10-11 08:09:38
351,364,232,food,2015-10-11 08:09:46
352,364,232,relationships,2015-10-11 08:09:33
353,364,293,assassin,2015-10-11 09:11:12
354,364,293,hit men,2015-10-11 09:11:12
355,364,293,thriller,2015-10-11 09:11:27
356,364,318,friendship,2015-10-11 07:46:40
357,364,318,Morgan Freeman,2015-10-11 07:46:32
358,364,318,narrated,2015-10-11 07:47:09
359,364,318,prison,2015-10-11 07:47:04
360,364,318,prison escape,2015-10-11 07:47:00
361,364,318,revenge,2015-10-11 07:46:56
362,364,318,Tim Robbins,2015-10-11 07:46:44
363,364,318,wrongful imprisonment,2015-10-11 07:46:49
364,364,1176,imaginative,2015-10-11 07:32:49
365,364,1176,intellectual,2015-10-11 07:32:35
366,364,1176,Irene Jacob,2015-10-11 07:32:24
367,364,1176,Krzysztof Kieslowski,2015-10-11 07:32:21
368,364,1176,lyrical,2015-10-11 07:32:27
369,364,1210,action,2015-10-11 07:48:01
370,364,1210,aliens,2015-10-11 07:47:59
371,364,1210,George Lucas,2015-10-11 07:48:12
372,364,1210,Harrison Ford,2015-10-11 07:47:47
373,364,1210,sci-fi,2015-10-11 07:48:09
374,364,1210,sequel,2015-10-11 07:47:59
375,364,1210,space,2015-10-11 07:47:44
376,364,1210,Star Wars,2015-10-11 07:47:49
377,364,1210,starship pilots,2015-10-11 07:48:19
378,364,1210,war,2015-10-11 07:48:04
379,364,1265,alternate reality,2015-10-11 07:53:10
380,364,1265,Bill Murray,2015-10-11 07:53:27
381,364,1265,character development,2015-10-11 07:53:36
382,364,1265,comedy,2015-10-11 07:53:15
383,364,1265,existentialism,2015-10-11 07:53:19
384,364,1265,feel-good,2015-10-11 07:53:29
385,364,1265,funny,2015-10-11 07:53:20
386,364,1265,love,2015-10-11 07:53:39
387,364,1265,romantic,2015-10-11 07:53:48
388,364,1265,self discovery,2015-10-11 07:53:23
389,364,1732,great dialogue,2015-10-11 09:16:06
390,364,1732,Jeff Bridges,2015-10-11 09:16:41
391,364,1732,Nudity (Full Frontal),2015-10-11 09:16:10
392,364,1732,off-beat comedy,2015-10-11 09:16:45
393,364,1732,quirky,2015-10-11 09:16:38
394,364,1732,satirical,2015-10-11 09:16:12
395,364,1732,Steve Buscemi,2015-10-11 09:16:04
396,364,2068,coming of age,2015-10-11 08:05:20
397,364,2068,funny,2015-10-11 08:05:13
398,364,2424,bookshop,2015-10-11 07:58:41
399,364,2424,happy ending,2015-10-11 07:58:44
400,364,2424,Meg Ryan,2015-10-11 07:58:36
401,364,2424,Romance,2015-10-11 07:58:37
402,364,2424,romantic comedy,2015-10-11 07:58:49
403,364,2424,Tom Hanks,2015-10-11 07:58:47
404,364,3948,awkward,2015-10-11 07:37:05
405,364,4018,creative,2015-10-11 07:45:52
406,364,4018,funny,2015-10-11 07:45:39
407,364,4018,Helen Hunt,2015-10-11 07:45:29
408,364,4018,hilarious,2015-10-11 07:45:46
409,364,4018,Mel Gibson,2015-10-11 07:45:56
410,364,4018,stereotypes,2015-10-11 07:46:00
411,364,4973,beautifully filmed,2015-10-11 07:31:06
412,364,4973,comedy,2015-10-11 07:31:10
413,364,4973,feel-good,2015-10-11 07:31:40
414,364,4973,imagination,2015-10-11 07:31:20
415,364,4973,love,2015-10-11 07:31:15
416,364,4973,notable soundtrack,2015-10-11 07:30:57
417,364,4973,quirky,2015-10-11 07:30:52
418,364,4973,whimsical,2015-10-11 07:31:00
419,364,5299,comedy,2015-10-11 07:34:00
420,364,5299,family,2015-10-11 07:34:04
421,364,5299,funny,2015-10-11 07:33:58
422,364,6350,aviation,2015-10-11 08:17:31
423,364,6350,funny,2015-10-11 08:17:44
424,364,6350,imagination,2015-10-11 08:17:24
425,364,6350,Studio Ghibli,2015-10-11 08:17:22
426,364,6350,visually appealing,2015-10-11 08:17:27
427,364,6539,comedy,2015-10-11 07:49:37
428,364,6539,Disney,2015-10-11 07:49:17
429,364,6539,funny,2015-10-11 07:49:20
430,364,6539,johnny depp,2015-10-11 07:49:22
431,364,6539,magic,2015-10-11 07:49:25
432,364,6539,Orlando Bloom,2015-10-11 07:49:38
433,364,6539,pirates,2015-10-11 07:49:47
434,364,6539,sword fight,2015-10-11 07:49:13
435,364,7161,family,2015-10-11 09:18:54
436,364,7161,funny,2015-10-11 09:19:00
437,364,7161,Steve Martin,2015-10-11 09:18:46
438,364,8464,american idiocy,2015-10-11 08:19:43
439,364,8464,documentary,2015-10-11 08:19:40
440,364,8464,social criticism,2015-10-11 08:19:47
441,364,26614,thriller,2015-10-11 09:10:34
442,364,26662,anime,2015-10-11 08:02:55
443,364,26662,Hayao Miyazaki,2015-10-11 08:02:51
444,364,26662,Studio Ghibli,2015-10-11 08:02:58
445,364,27611,military,2015-10-11 09:09:32
446,364,27611,sci-fi,2015-10-11 09:09:25
447,364,34321,Billy Bob Thornton,2015-10-11 08:13:44
448,364,34321,comedy,2015-10-11 08:13:58
449,364,34321,cursing,2015-10-11 08:14:10
450,364,34321,funny,2015-10-11 08:13:50
451,364,34321,redemption,2015-10-11 08:14:05
452,364,46578,beauty pageant,2015-10-11 07:39:40
453,364,46578,family,2015-10-11 07:39:28
454,364,46578,independent film,2015-10-11 07:39:11
455,364,46578,off-beat comedy,2015-10-11 07:39:14
456,364,46578,quirky,2015-10-11 07:39:29
457,364,46578,road trip,2015-10-11 07:39:44
458,364,46578,satire,2015-10-11 07:39:32
459,364,46578,steve carell,2015-10-11 07:39:35
460,364,56367,comedy,2015-10-11 09:17:21
461,364,56367,indie,2015-10-11 09:17:27
462,364,56367,pregnancy,2015-10-11 09:17:16
463,364,56367,teen pregnancy,2015-10-11 09:17:24
464,364,56367,witty,2015-10-11 09:17:18
465,364,64957,Aging,2015-10-11 08:07:30
466,364,64957,Brad Pitt,2015-10-11 08:07:21
467,364,64957,original plot,2015-10-11 08:07:28
468,364,64957,philosophical,2015-10-11 08:07:24
469,364,66934,comedy,2015-10-11 08:01:39
470,364,66934,great soundtrack,2015-10-11 08:01:34
471,364,66934,mad scientist,2015-10-11 08:01:28
472,364,66934,Neil Patrick Harris,2015-10-11 08:01:31
473,364,66934,parody,2015-10-11 08:01:37
474,364,68358,sci fi,2015-10-11 07:50:41
475,364,68358,spock,2015-10-11 07:50:38
476,364,68358,Star Trek,2015-10-11 07:50:30
477,364,68358,teleportation,2015-10-11 07:50:45
478,364,72998,aliens,2015-10-11 07:40:49
479,364,72998,graphic design,2015-10-11 07:41:03
480,364,72998,predictable,2015-10-11 07:40:40
481,364,72998,racism,2015-10-11 07:40:57
482,364,72998,sci-fi,2015-10-11 07:40:39
483,364,93040,drama,2015-10-11 08:04:24
484,364,93040,historical,2015-10-11 08:04:33
485,364,93040,interesting,2015-10-11 08:04:21
486,364,95441,cocaine,2015-10-11 07:37:53
487,364,95441,crude humor,2015-10-11 07:37:38
488,364,95441,directorial debut,2015-10-11 07:38:02
489,364,95441,Mark Wahlberg,2015-10-11 07:38:04
490,364,97938,Ang Lee,2015-10-11 08:07:56
491,364,97938,India,2015-10-11 08:08:06
492,364,97938,ocean,2015-10-11 08:08:03
493,364,97938,visually appealing,2015-10-11 08:07:57
494,364,106696,Disney,2015-10-11 07:54:27
495,364,106696,feminist,2015-10-11 07:54:41
496,364,106696,musical,2015-10-11 07:54:30
497,364,106696,storyline,2015-10-11 07:54:30
498,364,109249,beautiful scenery,2015-10-11 07:44:05
499,364,109249,coming of age,2015-10-11 07:44:31
500,364,109249,dark humor,2015-10-11 07:44:20
501,364,109249,Fernando E. Solanas,2015-10-11 07:43:28
502,364,109249,imaginative,2015-10-11 07:43:55
503,364,109249,quirky,2015-10-11 07:43:33
504,364,109249,whimsical,2015-10-11 07:43:49
505,364,109374,amazing storytelling,2015-10-11 07:35:04
506,364,109374,Bill Murray,2015-10-11 07:35:24
507,364,109374,cinematography,2015-10-11 07:35:43
508,364,109374,eastern europe,2015-10-11 07:35:19
509,364,109374,europe,2015-10-11 07:35:15
510,364,109374,historical,2015-10-11 07:35:39
511,364,109374,on the run,2015-10-11 07:35:48
512,364,109374,quirky,2015-10-11 07:35:09
513,364,115617,comedy,2015-10-11 07:56:32
514,364,115617,Coming of Age,2015-10-11 07:56:57
515,364,115617,family,2015-10-11 07:56:42
516,364,115617,friends,2015-10-11 07:56:50
517,364,115617,funny,2015-10-11 07:56:34
518,364,115617,happy ending,2015-10-11 07:56:53
519,364,115617,heartwarming,2015-10-11 07:30:13
520,364,115617,inspiring,2015-10-11 07:56:44
521,364,115617,japanese influence,2015-10-11 07:29:32
522,364,115617,pixar,2015-10-11 07:56:37
523,364,115617,technology,2015-10-11 07:29:41
524,364,118997,comedy,2015-10-11 07:52:39
525,364,118997,fairy tale,2015-10-11 07:51:40
526,364,118997,funny,2015-10-11 07:51:46
527,364,118997,great soundtrack,2015-10-11 07:52:07
528,364,118997,imaginative,2015-10-11 07:51:53
529,364,118997,meryl streep,2015-10-11 07:52:22
530,364,118997,musical,2015-10-11 07:51:38
531,364,134853,coming of age,2015-10-11 08:00:18
532,364,134853,creative,2015-10-11 08:00:20
533,364,134853,happiness,2015-10-11 08:00:31
534,364,134853,imaginative,2015-10-11 08:00:28
535,364,134853,Pixar,2015-10-11 08:00:33
536,377,54290,Why the terrorists hate us,2007-08-14 06:46:09
537,380,40614,predictable,2006-05-20 04:01:02
538,402,260,coming of age,2015-09-28 04:10:48
539,402,260,"space epic, science fiction, hero's journey",2015-09-28 04:11:04
540,423,111,cult film,2012-11-27 21:56:45
541,423,111,Martin Scorsese,2012-11-27 21:56:48
542,423,111,social commentary,2012-11-27 21:56:42
543,423,247,stylized,2012-11-24 01:51:28
544,423,247,surreal,2012-11-24 01:51:23
545,423,247,surrealism,2012-11-24 01:51:22
546,423,247,visceral,2012-11-24 01:51:18
547,423,745,animation,2012-11-27 21:59:06
548,423,1079,dark comedy,2012-11-24 02:09:38
549,423,1079,dark humor,2012-11-24 02:09:42
550,423,1079,John Cleese,2012-11-24 02:09:31
551,423,1079,quirky,2012-11-24 02:09:45
552,423,1080,Monty Python,2012-11-27 21:57:47
553,423,1089,nonlinear,2012-11-27 21:57:20
554,423,1089,organized crime,2012-11-27 21:57:16
555,423,1089,Quentin Tarantino,2012-11-27 21:57:18
556,423,1219,Alfred Hitchcock,2012-11-27 21:57:24
557,423,1219,psychology,2012-11-27 21:57:26
558,423,1256,Marx Brothers,2012-11-27 21:58:38
559,423,1258,cult film,2012-11-27 21:57:13
560,423,1258,psychology,2012-11-27 21:57:10
561,423,1729,dark comedy,2012-11-27 21:58:05
562,423,2288,disturbing,2012-11-27 21:56:40
563,423,2529,post-apocalyptic,2012-11-27 21:57:30
564,423,2529,twist ending,2012-11-27 21:57:33
565,423,3030,atmospheric,2012-11-27 21:56:36
566,423,3546,insanity,2012-11-24 01:52:42
567,423,3546,psychological thriller,2012-11-24 01:52:35
568,423,5618,atmospheric,2012-11-27 21:57:08
569,423,5618,surreal,2012-11-27 21:57:04
570,423,5662,Dave Foley,2012-11-27 21:56:09
571,423,6287,Adam Sandler,2012-11-28 01:06:10
572,423,6713,Satoshi Kon,2012-11-27 21:58:01
573,423,8188,elegant,2012-11-24 01:48:55
574,423,27592,stylized,2012-11-27 21:57:00
575,423,27592,violent,2012-11-27 21:56:51
576,423,27773,depressing,2012-11-24 01:56:30
577,423,27773,disturbing,2012-11-24 01:55:57
578,423,27773,hallucinatory,2012-11-24 01:55:45
579,423,27773,paranoid,2012-11-24 01:56:36
580,423,27773,revenge,2012-11-24 01:56:33
581,423,27773,stylized,2012-11-24 01:56:35
582,423,27773,twist ending,2012-11-24 01:56:40
583,423,27773,vengeance,2012-11-24 01:56:44
584,423,30745,Takashi Miike,2012-11-27 21:58:31
585,423,31658,Studio Ghibli,2012-11-27 21:58:35
586,423,52885,anime,2012-11-27 21:57:37
587,423,55820,coen brothers,2012-11-27 21:57:43
588,423,58559,Batman,2012-11-27 21:58:47
589,423,67997,british,2012-11-27 21:58:18
590,423,67997,politics,2012-11-27 21:58:20
591,423,67997,satire,2012-11-27 21:58:15
592,431,5,steve martin,2006-02-20 22:40:32
593,431,150,tom hanks,2006-12-08 08:57:34
594,431,186,hugh grant,2006-02-20 22:40:19
595,431,215,ethan hawke,2006-12-08 09:01:56
596,431,236,meg ryan,2006-02-20 22:39:57
597,431,246,school,2006-02-20 22:39:30
598,431,260,classic,2006-02-20 22:23:28
599,431,300,Ralph Fiennes,2006-12-08 08:59:11
600,431,318,Phenomenal!,2006-02-20 22:21:52
601,431,337,Johnny Depp***,2006-02-20 22:37:06
602,431,350,overrated,2006-02-20 22:38:23
603,431,357,didn't get it,2006-02-20 22:37:35
604,431,377,Sandra Bullock,2006-02-20 22:31:19
605,431,520,very funny!,2006-02-20 22:21:39
606,431,529,jodi foster,2006-02-20 22:37:18
607,431,587,sweet,2006-02-20 22:38:12
608,431,628,edward norton,2006-02-20 22:36:35
609,431,661,creepy good,2006-02-20 22:24:03
610,431,904,jimmy stewart,2006-02-20 22:36:48
611,431,1059,claire daines,2006-02-20 22:37:55
612,431,1059,clever,2006-02-20 22:37:55
613,431,1059,Leonardo DiCaprio,2006-02-20 22:37:55
614,431,1059,shakespeare,2006-02-20 22:37:55
615,431,1242,denzel washington,2006-02-20 22:36:21
616,431,1250,war,2006-02-20 22:34:33
617,431,1259,r. phoneix,2006-02-20 22:33:31
618,431,1291,cool,2006-02-20 22:33:16
619,431,1358,billy bob thorton,2006-02-20 22:33:52
620,431,1376,not too thrilled,2006-02-20 22:35:26
621,431,1517,cheezy to the max!,2006-02-20 22:21:21
622,431,1635,moody,2006-12-08 08:53:40
623,431,1639,hillarious,2006-02-20 22:35:02
624,431,1801,good but not accurate,2006-02-20 22:26:14
625,431,1954,stallone,2006-02-20 22:34:03
626,431,1956,il,2006-12-08 08:56:32
627,431,1956,lake forest,2006-12-08 08:56:32
628,431,2004,not worth your time,2006-02-20 22:26:50
629,431,2012,liked the other two better,2006-02-20 22:35:52
630,431,2019,classic,2006-02-20 22:34:46
631,431,2085,cute,2006-02-20 22:25:48
632,431,2174,Micheal Keaton,2006-02-20 22:30:21
633,431,2369,must see,2006-02-20 22:26:29
634,431,2396,colin firth,2006-12-08 09:01:15
635,431,2396,Gwenth Paltrow,2006-12-08 09:01:15
636,431,2396,joseph fiennes,2006-12-08 09:01:15
637,431,2571,philosophy,2006-02-20 22:32:13
638,431,2692,cool and great music,2006-02-20 22:23:13
639,431,2700,stupidity,2006-02-20 22:30:56
640,431,3052,controversial,2006-02-20 22:30:05
641,431,3113,stupid,2006-02-20 22:45:30
642,431,3114,Tom Hanks,2006-02-20 22:30:33
643,431,3260,boring,2006-02-20 22:45:03
644,431,3361,tim robbins,2006-02-20 22:44:45
645,431,3751,mel gibson,2006-02-20 22:31:32
646,431,3785,stupid,2006-02-20 22:45:43
647,431,3793,can't stand rogue!,2006-02-20 22:29:30
648,431,3893,renee z,2006-02-20 22:41:36
649,431,3978,boring,2006-02-20 22:42:29
650,431,3994,predictable,2006-02-20 22:32:32
651,431,4016,okay,2006-02-20 22:25:22
652,431,4041,overrated,2006-02-20 22:41:18
653,431,4306,witty!,2006-02-20 22:29:39
654,431,4351,keanu reeves,2006-02-20 22:41:51
655,431,4369,no desire to see this,2006-02-20 22:27:14
656,431,4641,thora birch,2006-02-20 22:41:05
657,431,4701,jakie chan,2006-02-20 22:42:02
658,431,4823,john cusack,2006-02-20 22:42:20
659,431,4890,Gwenth Paltrow,2006-02-20 22:42:44
660,431,5064,not by book,2006-12-08 09:02:21
661,431,5135,nair,2006-12-08 08:55:58
662,431,5349,tobey maguire,2006-02-20 22:31:47
663,431,5377,books,2006-02-20 22:39:03
664,431,5377,relationships,2006-02-20 22:39:03
665,431,5481,mike myers,2006-02-20 22:40:09
666,431,5812,moore,2006-12-08 08:58:15
667,431,6281,collin farrel,2006-02-20 22:39:43
668,431,6539,I loved it! Seen it five times already!,2006-02-20 22:22:16
669,431,6953,Benicio Del Toro,2006-12-08 08:57:19
670,431,8636,the best comic adaptation!,2006-02-20 22:22:50
671,446,65514,kung fu,2015-07-11 18:58:15
672,446,65514,martial arts,2015-07-11 18:58:15
673,446,65514,well done,2015-07-11 18:58:15
674,446,68954,feel good,2015-07-11 18:58:45
675,446,68954,light,2015-07-11 18:58:49
676,446,88125,dark,2015-07-11 18:57:37
677,448,260,sci-fi,2015-10-14 00:08:01
678,448,260,supernatural powers,2015-10-14 00:08:12
679,450,107649,Alex van Warmerdam,2016-10-06 12:35:20
680,450,107649,magical realism,2016-10-06 12:35:16
681,450,107649,weird,2016-10-06 12:35:22
682,456,3703,action,2015-05-22 21:01:04
683,456,3703,desert,2015-05-22 21:01:14
684,456,3703,Dieselpunk,2015-05-22 21:02:35
685,456,3703,Mel Gibson,2015-05-22 21:00:59
686,456,3703,Post apocalyptic,2015-05-22 21:01:26
687,456,3703,post-apocalyptic,2015-05-22 21:00:56
688,456,44191,dystopia,2015-05-22 21:00:22
689,456,44191,thought-provoking,2015-05-22 21:00:24
690,456,106473,animation,2015-05-22 21:08:08
691,456,106473,anime,2015-05-22 21:07:56
692,456,106473,based on a TV show,2015-05-22 21:08:05
693,456,106473,fantasy world,2015-05-22 21:08:10
694,468,3676,National Film Registry,2011-01-28 14:10:35
695,468,5449,Adam Sandler,2011-01-28 13:46:59
696,478,55247,adventure,2015-11-04 13:01:31
697,478,55247,freedom,2015-11-04 13:00:48
698,478,55247,road trip,2015-11-04 13:00:40
699,478,55247,self discovery,2015-11-04 13:00:59
700,478,55247,travel,2015-11-04 13:03:10
701,478,106918,Iceland,2015-11-06 22:45:44
702,478,106918,photography,2015-11-06 22:45:53
703,478,106918,travel,2015-11-06 22:45:42
704,480,8369,who done it,2012-06-12 04:39:33
705,480,70286,aliens,2012-06-10 04:48:46
706,480,70286,humor,2012-06-10 04:48:49
707,480,70286,sci-fi,2012-06-10 04:48:53
708,480,70286,violence,2012-06-10 04:48:55
709,480,78349,claustrophobic,2012-06-10 04:43:56
710,480,78349,experiment,2012-06-10 04:43:47
711,480,78349,group psychology,2012-06-10 04:43:30
712,480,78349,psychological,2012-06-10 04:43:37
713,480,94777,aliens,2012-06-10 04:54:30
714,480,94777,franchise,2012-06-10 04:54:10
715,480,94777,funny,2012-06-10 04:54:00
716,480,94777,time travel,2012-06-10 04:54:19
717,481,260,George Lucas,2015-07-16 04:25:55
718,481,260,starwars,2015-07-16 04:25:40
719,481,1900,brother sister relationship,2015-07-17 10:01:39
720,481,1900,sad,2015-07-17 10:01:15
721,481,1900,siblings,2015-07-17 10:01:31
722,481,2361,cult film,2015-07-17 09:34:53
723,481,117533,big brother,2015-07-16 05:17:33
724,481,117533,documentary,2015-07-16 05:17:33
725,481,117533,privacy,2015-07-16 05:17:33
726,501,1,Pixar,2010-12-22 00:02:24
727,501,47,psychology,2010-12-22 00:01:16
728,501,47,twist ending,2010-12-22 00:02:42
729,501,296,dark comedy,2010-12-22 00:03:59
730,501,296,Quentin Tarantino,2010-12-22 00:03:55
731,501,778,dark comedy,2010-12-21 23:59:54
732,501,1089,organized crime,2010-12-22 00:03:40
733,501,1089,Quentin Tarantino,2010-12-22 00:03:36
734,501,2542,dark comedy,2010-12-22 00:04:06
735,501,2542,Guy Ritchie,2010-12-22 00:04:08
736,501,2542,organized crime,2010-12-22 00:04:10
737,501,2692,nonlinear,2010-12-22 00:00:26
738,501,2692,time travel,2010-12-22 00:03:12
739,501,2959,dark comedy,2010-12-22 00:04:41
740,501,2959,psychology,2010-12-22 00:04:36
741,501,2959,twist ending,2010-12-22 00:04:39
742,501,3114,animation,2010-12-22 00:02:26
743,501,3949,addiction,2010-12-22 00:03:42
744,501,3949,psychology,2010-12-22 00:03:45
745,501,4011,Guy Ritchie,2010-12-22 00:00:03
746,501,4011,twist ending,2010-12-22 00:00:05
747,501,5608,psychology,2010-12-22 00:04:50
748,501,6016,multiple storylines,2010-12-22 00:05:18
749,501,40148,guy ritchie,2010-12-22 00:03:28
750,501,47099,based on a true story,2010-12-22 00:03:51
751,501,60072,assassin,2010-12-21 23:59:49
752,501,62849,Drugs,2010-12-22 00:00:30
753,501,62849,Guy Ritchie,2010-12-22 00:00:34
754,501,62849,twist ending,2010-12-22 00:00:36
755,501,68157,Quentin Tarantino,2010-12-22 00:04:13
756,501,74458,psychological,2010-12-22 00:00:15
757,501,74458,twist ending,2010-12-22 00:00:12
758,501,77455,renegade art,2010-12-22 00:01:46
759,501,78499,Pixar,2010-12-21 23:59:56
760,501,79132,alternate reality,2010-12-22 00:04:29
761,503,260,Science Fiction,2015-05-23 12:53:22
762,503,260,space,2015-05-23 12:53:34
763,512,74458,Psychological Thriller,2015-06-13 09:53:21
764,512,79132,Intrigued,2015-06-13 09:54:32
765,520,4322,baseball,2006-05-03 00:26:27
766,531,1028,comedy of manners,2009-05-28 01:29:18
767,531,1028,Disney,2009-05-28 01:29:24
768,531,1028,Disney studios,2009-05-28 01:29:27
769,531,1028,Julie Andrews,2009-05-28 01:29:46
770,531,1028,multiple roles,2009-05-28 01:29:31
771,531,1028,musical,2009-05-28 01:29:34
772,531,1028,villain nonexistent or not needed for good story,2009-05-28 01:29:42
773,531,1088,80's classic,2009-05-28 01:31:23
774,531,1088,dance,2009-05-28 01:31:40
775,531,1088,girlie movie,2009-05-28 01:31:58
776,531,1088,music,2009-05-28 01:31:28
777,531,1088,musical parodies,2009-05-28 01:31:43
778,531,1088,rich families,2009-05-28 01:31:48
779,531,1258,disturbing,2009-05-28 01:37:12
780,531,1258,Nudity (Full Frontal - Notable),2009-05-28 01:37:20
781,531,1258,Nudity (Full Frontal),2009-05-28 01:37:22
782,531,1258,psychological,2009-05-28 01:37:26
783,531,1258,violent,2009-05-28 01:37:28
784,531,1997,demons,2009-05-28 01:37:55
785,531,1997,horror,2009-05-28 01:37:58
786,531,1997,possession,2009-05-28 01:38:00
787,531,1997,scary,2009-05-28 01:38:02
788,531,2942,dance,2009-05-28 01:30:47
789,531,2942,girlie movie,2009-05-28 01:30:50
790,531,2942,Nudity (Topless),2009-05-28 01:30:52
791,531,2942,strippers,2009-05-28 01:30:54
792,531,4973,comedy,2009-05-28 17:00:02
793,531,4973,drama,2009-05-28 17:00:04
794,531,4973,notable soundtrack,2009-05-28 17:00:09
795,531,4973,quirky,2009-05-28 17:00:12
796,531,6218,football,2009-05-28 16:51:08
797,531,6218,Funny,2009-05-28 16:51:14
798,531,6218,Keira Knightley,2009-05-28 16:51:10
799,531,6218,love,2009-05-28 16:51:24
800,531,6863,funny,2009-05-28 01:28:20
801,531,6863,Jack Black,2009-05-28 01:28:32
802,531,6863,music,2009-05-28 01:28:37
803,531,6863,not only for kids,2009-05-28 01:28:41
804,531,6863,Rock,2009-05-28 01:28:53
805,531,6863,rock and roll,2009-05-28 01:28:46
806,531,6942,british,2009-05-28 01:38:53
807,531,6942,christmas,2009-05-28 01:38:56
808,531,6942,ensemble cast,2009-05-28 01:38:59
809,531,6942,Keira Knightley,2009-05-28 01:39:03
810,531,6942,love,2009-05-28 01:39:06
811,531,6942,multiple storylines,2009-05-28 01:39:08
812,531,6942,Nudity (Topless - Notable),2009-05-28 01:39:10
813,531,6942,Nudity (Topless),2009-05-28 01:39:12
814,531,6942,Romance,2009-05-28 01:39:14
815,531,8533,covers a lifespan,2009-05-28 01:42:40
816,531,8533,memories,2009-05-28 01:42:46
817,531,35836,comedy,2009-05-28 01:33:06
818,531,35836,crude,2009-05-28 01:33:10
819,531,35836,funny,2009-05-28 01:33:08
820,531,35836,nerds,2009-05-28 01:33:18
821,531,35836,Nudity (Topless - Notable),2009-05-28 01:33:23
822,531,35836,Nudity (Topless),2009-05-28 01:33:30
823,531,35836,sex,2009-05-28 01:33:28
824,531,45720,fashion,2009-05-28 01:39:38
825,531,45720,New York,2009-05-28 01:39:40
826,531,45720,Paris,2009-05-28 01:39:42
827,531,45720,Streep strong & funny,2009-05-28 01:39:45
828,531,59725,fashion,2009-05-28 01:40:07
829,531,59725,New York City,2009-05-28 01:40:12
830,531,59725,Nudity (Topless),2009-05-28 01:40:14
831,531,59725,R:strong sexual content,2009-05-28 01:40:20
832,531,59725,romance,2009-05-28 01:40:18
833,531,63131,funny,2009-05-28 16:50:41
834,531,63131,obvious plot,2009-05-28 16:50:45
835,531,63992,romance,2009-05-28 01:41:32
836,531,63992,Teen movie,2009-05-28 01:41:35
837,531,63992,vampires,2009-05-28 01:41:39
838,531,64957,Brad Pitt,2009-05-28 01:40:53
839,531,64957,cinematography,2009-05-28 01:40:57
840,531,64957,drama,2009-05-28 01:41:00
841,531,64969,easily confused with other movie(s) (title),2009-05-28 01:32:28
842,531,64969,funny,2009-05-28 01:32:36
843,531,64969,Jim carrey,2009-05-28 01:32:33
844,531,64969,Zooey Deschanel,2009-05-28 01:32:41
845,546,3176,Gwyneth Paltrow,2011-04-02 09:07:09
846,546,3176,Jude Law,2011-04-02 09:06:55
847,546,3707,Nudity (Rear),2011-03-28 09:19:44
848,546,3707,Nudity (Topless),2011-03-28 09:19:42
849,546,3707,sexy food,2011-03-28 09:19:40
850,546,5984,BDSM,2011-04-03 04:42:52
851,546,5984,Blindfold,2011-04-03 04:42:56
852,546,5984,Bondage,2011-04-03 04:43:10
853,546,5984,Domination,2011-04-03 04:42:51
854,546,5984,Fetish,2011-04-03 04:43:00
855,546,5984,Gag,2011-04-03 04:42:54
856,546,5984,Spanked,2011-04-03 04:43:03
857,546,5984,Submission,2011-04-03 04:43:08
858,546,5984,Tied,2011-04-03 04:43:01
859,546,5984,Udo Kier,2011-04-03 04:42:58
860,546,7155,Nudity (Topless - Notable),2012-04-10 04:49:34
861,546,7155,Nudity (Topless),2012-04-10 04:49:30
862,546,39421,Nudity (Topless),2012-04-10 04:47:16
863,546,39421,porn,2012-04-10 04:47:13
864,546,48780,based on a book,2011-04-02 09:03:45
865,546,48780,twist ending,2011-04-02 09:03:51
866,546,53318,notable nudity,2011-03-27 08:57:16
867,546,53318,Nudity (Full Frontal),2011-03-27 08:57:05
868,547,215,holes90s,2012-07-21 11:23:19
869,547,293,holes90s,2012-07-21 11:21:02
870,547,306,holes90s,2012-07-21 11:20:39
871,547,319,holes90s,2012-07-21 11:19:50
872,547,364,holes90s,2012-07-21 11:22:35
873,547,541,afi,2007-06-21 08:15:13
874,547,588,holes90s,2012-07-21 11:22:49
875,547,599,dvd,2013-12-30 22:26:04
876,547,599,holes60s,2014-01-04 12:56:11
877,547,757,getdvd,2015-02-06 11:20:50
878,547,914,holes60s,2012-07-21 11:35:35
879,547,946,holes40s,2014-10-03 20:27:25
880,547,954,afi,2007-06-21 08:14:36
881,547,1153,tcm,2007-09-07 23:26:58
882,547,1172,holes80s,2012-07-21 11:14:16
883,547,1197,holes80s,2012-07-21 11:16:39
884,547,1209,holes60s,2012-10-27 12:08:54
885,547,1211,holes80s,2012-07-21 11:14:26
886,547,1232,sightsound,2012-08-03 11:33:52
887,547,1245,holes90s,2012-07-21 11:20:04
888,547,1260,tcm,2007-09-07 23:25:50
889,547,1272,holes70s,2012-07-21 11:08:07
890,547,1273,holes80s,2012-07-21 11:14:37
891,547,1281,holes40s,2014-10-03 20:26:18
892,547,1281,tivo,2016-10-16 07:31:14
893,547,1283,afi,2007-06-21 08:17:10
894,547,1283,hdtv,2008-01-04 03:09:22
895,547,1572,sightsound,2012-08-03 11:31:43
896,547,1935,holes40s,2014-10-03 20:29:56
897,547,1942,holes40s,2014-10-03 20:26:51
898,547,1957,holes80s,2012-07-21 11:14:54
899,547,2028,afi,2007-06-21 08:17:33
900,547,2028,hdtv,2008-01-20 04:36:52
901,547,2028,holes90s,2012-07-21 11:22:25
902,547,2109,holes70s,2012-07-21 11:11:12
903,547,2178,holes70s,2012-07-21 11:09:26
904,547,2182,tcm,2014-10-03 20:13:12
905,547,2202,holes40s,2014-10-03 20:27:41
906,547,2330,holes90s,2012-07-21 11:19:09
907,547,2677,holes90s,2012-07-21 11:21:40
908,547,2730,getdvd,2012-10-18 09:08:28
909,547,2730,holes70s,2012-07-21 11:10:20
910,547,2747,tivo,2016-10-16 07:28:00
911,547,2857,holes60s,2012-07-21 11:35:05
912,547,2920,getdvd,2014-10-03 20:23:58
913,547,2920,holes40s,2014-10-03 20:23:58
914,547,2927,holes40s,2014-10-03 20:28:39
915,547,2936,afi,2007-06-21 08:15:39
916,547,2936,holes40s,2014-10-03 20:27:55
917,547,3022,afi,2007-06-21 08:13:39
918,547,3089,holes40s,2014-10-03 20:26:31
919,547,3111,holes80s,2012-07-21 11:18:05
920,547,3246,holes90s,2012-07-21 11:19:28
921,547,3384,holes70s,2012-07-21 11:07:10
922,547,3415,sightsound,2012-08-03 11:29:17
923,547,3498,holes70s,2012-07-21 11:08:34
924,547,3539,tivo,2016-10-16 07:32:09
925,547,3629,afi,2007-06-21 19:20:56
926,547,3629,hdtv,2008-01-20 04:37:16
927,547,3632,holes40s,2014-10-03 20:28:15
928,547,3634,getdvd,2014-12-19 16:16:59
929,547,3634,holes60s,2014-12-19 16:16:55
930,547,3671,holes70s,2012-07-21 11:10:29
931,547,3679,holes80s,2012-07-21 11:13:55
932,547,3742,sightsound,2012-08-03 11:26:40
933,547,3789,holes60s,2012-07-21 11:35:21
934,547,3811,holes80s,2012-07-21 11:15:24
935,547,3947,holes70s,2015-05-08 18:09:04
936,547,4103,holes80s,2012-07-21 11:17:07
937,547,4262,holes80s,2012-07-21 11:15:44
938,547,4326,holes80s,2012-07-21 11:15:52
939,547,4327,holes60s,2012-07-21 11:36:41
940,547,4437,holes70s,2012-07-21 11:11:38
941,547,4712,holes70s,2012-07-21 11:10:42
942,547,4763,getdvd,2016-08-12 19:39:06
943,547,4928,holes70s,2012-07-21 11:09:55
944,547,5169,tcm,2007-09-07 23:28:43
945,547,5198,holes80s,2012-07-21 11:15:14
946,547,5289,tcm,2007-09-07 23:25:38
947,547,5464,holes00s,2012-07-21 11:31:21
948,547,5747,holes80s,2012-07-21 11:14:03
949,547,5791,holes00s,2012-07-21 11:27:11
950,547,5795,tosee,2016-10-06 03:44:42
951,547,5956,dvd,2009-11-28 11:32:09
952,547,6229,holes70s,2012-07-21 11:11:53
953,547,6433,sightsound,2012-08-03 11:25:08
954,547,6515,tcm,2007-09-22 21:13:43
955,547,6643,sightsound,2012-08-03 11:23:50
956,547,6783,sightsound,2012-08-03 11:24:11
957,547,6830,tcm,2007-09-22 21:14:50
958,547,6874,holes00s,2012-07-21 11:33:18
959,547,6981,sightsound,2012-08-03 11:32:34
960,547,6983,holes40s,2014-10-03 20:30:40
961,547,6985,sightsound,2012-08-03 11:25:28
962,547,7195,tcm,2007-09-07 23:29:43
963,547,7243,afi,2007-06-21 08:16:41
964,547,7243,hdtv,2008-01-20 04:36:42
965,547,7335,tcm,2007-09-07 23:28:28
966,547,7438,holes00s,2012-07-21 11:31:33
967,547,7792,holes70s,2012-07-21 11:08:23
968,547,7926,getdvd,2014-10-03 20:22:32
969,547,8125,afi,2007-06-21 08:14:15
970,547,8128,holes80s,2012-07-21 11:13:38
971,547,8154,holes60s,2012-07-21 11:37:00
972,547,8195,sightsound,2012-08-03 11:30:20
973,547,8207,holes70s,2012-07-21 11:08:55
974,547,8236,tcm,2007-09-22 21:13:58
975,547,8494,dvd,2009-10-01 15:20:31
976,547,8584,tivo,2016-10-16 07:33:50
977,547,8645,holes00s,2012-07-21 11:29:18
978,547,8751,tcm,2007-09-07 23:24:47
979,547,8765,tcm,2007-09-07 23:23:46
980,547,8766,tcm,2007-09-07 23:27:58
981,547,8767,tcm,2007-09-07 23:29:07
982,547,25805,sightsound,2012-08-03 11:27:25
983,547,25927,holes40s,2014-10-03 20:29:20
984,547,25927,tcm,2007-09-07 23:28:54
985,547,26150,sightsound,2012-08-03 11:33:37
986,547,26151,sightsound,2012-08-03 11:28:25
987,547,26366,holes70s,2012-07-21 11:10:54
988,547,31770,tcm,2007-09-07 23:24:33
989,547,34517,tivo,2016-10-16 07:36:21
990,547,37741,toplist05,2013-09-12 16:58:14
991,547,38304,toplist05,2013-09-12 16:59:36
992,547,39183,toplist05,2012-04-14 00:28:06
993,547,40629,toplist05,2013-09-12 17:00:40
994,547,40819,toplist05,2013-09-12 16:58:48
995,547,41585,tcm,2007-09-07 23:22:54
996,547,41863,toplist06,2007-12-09 07:36:16
997,547,41997,hdtv,2008-01-12 08:38:14
998,547,41997,holes00s,2012-07-21 11:28:22
999,547,42217,sightsound,2012-08-03 11:28:02
1000,547,44199,toplist06,2007-12-09 07:34:04
1001,547,44555,toplist06,2009-02-19 18:32:53
1002,547,45028,toplist06,2007-12-09 07:35:41
1003,547,45210,toplist06,2007-12-28 08:25:19
1004,547,46578,toplist06,2007-12-09 07:34:54
1005,547,46664,holes40s,2014-10-03 20:34:11
1006,547,46664,tcm,2014-10-03 20:34:11
1007,547,46723,toplist06,2007-12-09 07:33:52
1008,547,47099,toplist06,2007-12-09 07:09:45
1009,547,47274,holes70s,2012-07-21 11:10:07
1010,547,47423,toplist06,2007-12-09 07:08:16
1011,547,47629,toplist06,2007-12-09 07:31:47
1012,547,48394,hdtv,2008-01-17 11:36:24
1013,547,48394,holes00s,2012-07-21 11:29:47
1014,547,48516,toplist06,2007-12-09 07:31:16
1015,547,48696,toplist06,2007-12-09 07:34:22
1016,547,48738,toplist06,2007-12-09 07:08:32
1017,547,48774,toplist06,2007-12-09 07:31:03
1018,547,49824,toplist06,2007-12-09 07:31:35
1019,547,49917,toplist06,2010-03-14 13:56:26
1020,547,50068,holes00s,2012-07-21 11:26:58
1021,547,51540,toplist07,2007-10-14 06:20:38
1022,547,52241,toplist07,2007-12-08 19:35:54
1023,547,52281,hdtv,2008-01-21 06:02:35
1024,547,52281,holes00s,2012-07-21 11:27:39
1025,547,52579,getdvd,2016-08-19 17:07:20
1026,547,52967,toplist07,2007-12-11 00:39:16
1027,547,53000,toplist07,2007-12-28 08:35:22
1028,547,53123,toplist07,2007-08-22 04:45:00
1029,547,53894,toplist07,2007-12-08 19:25:45
1030,547,53953,getdvd,2016-07-07 11:22:35
1031,547,54272,toplist07,2007-08-22 04:45:46
1032,547,54286,toplist07,2007-12-08 19:37:02
1033,547,54513,toplist07,2007-08-22 04:37:39
1034,547,54881,toplist07,2010-03-14 13:58:24
1035,547,55052,toplist07,2007-12-08 19:24:08
1036,547,55063,toplist08,2008-12-05 19:44:54
1037,547,55069,holes00s,2016-08-30 20:46:05
1038,547,55069,toplist07,2011-04-02 23:04:48
1039,547,55118,toplist07,2007-12-08 19:23:07
1040,547,55247,toplist07,2007-12-08 19:22:33
1041,547,55253,toplist07,2010-03-14 13:58:06
1042,547,55269,toplist07,2007-12-08 19:23:50
1043,547,55276,toplist07,2007-11-25 08:35:15
1044,547,55280,holes00s,2012-07-21 11:30:01
1045,547,55363,getdvd,2014-10-03 20:04:10
1046,547,55363,holes00s,2012-07-21 11:28:00
1047,547,55442,holes00s,2012-07-21 11:26:12
1048,547,55442,toplist07,2010-03-14 14:00:37
1049,547,55820,toplist07,2007-12-08 19:22:45
1050,547,55946,tivo,2016-10-10 21:03:50
1051,547,56015,tcm,2014-10-03 20:13:37
1052,547,56152,toplist07,2007-12-28 08:36:20
1053,547,56286,toplist07,2010-03-14 14:01:40
1054,547,56367,toplist07,2007-12-30 04:19:13
1055,547,56607,toplist07,2008-01-14 23:46:32
1056,547,56782,toplist07,2008-01-14 23:46:49
1057,547,56788,toplist07,2008-01-30 09:27:28
1058,547,56805,toplist07,2007-12-30 04:20:31
1059,547,57669,toplist08,2009-08-20 08:48:18
1060,547,58191,toplist08,2008-10-06 03:25:55
1061,547,58879,toplist08,2008-04-12 05:12:23
1062,547,60069,toplist08,2009-01-01 18:27:11
1063,547,60766,toplist08,2008-10-06 03:24:42
1064,547,61024,toplist08,2008-10-06 03:26:41
1065,547,61236,holes00s,2012-07-21 11:26:21
1066,547,61236,toplist08,2009-01-02 09:58:14
1067,547,61240,holes00s,2012-07-21 11:29:39
1068,547,61240,toplist08,2009-01-01 18:27:04
1069,547,61323,toplist08,2008-10-06 03:32:25
1070,547,61357,toplist08,2008-09-24 20:51:30
1071,547,63082,toplist08,2008-12-05 19:45:18
1072,547,63876,toplist08,2009-01-01 18:21:43
1073,547,64614,toplist08,2009-08-16 22:08:32
1074,547,64620,toplist08,2009-01-01 18:21:26
1075,547,64622,toplist08,2009-01-03 05:53:36
1076,547,64701,toplist08,2009-01-02 09:41:49
1077,547,64839,toplist08,2009-03-13 19:05:37
1078,547,66665,toplist09,2009-09-25 12:06:16
1079,547,67087,toplist09,2009-11-28 10:31:10
1080,547,67255,toplist10,2010-04-05 22:12:37
1081,547,67429,toplist08,2009-04-04 11:01:08
1082,547,67665,getdvd,2011-11-18 02:51:24
1083,547,67665,toplist09,2009-08-20 10:05:07
1084,547,67997,toplist09,2009-08-20 10:03:49
1085,547,68157,toplist09,2009-09-25 12:06:02
1086,547,68954,holes00s,2012-07-21 11:30:38
1087,547,69481,toplist09,2009-08-20 10:04:19
1088,547,70286,toplist09,2009-08-20 10:04:37
1089,547,70293,toplist09,2009-09-25 12:06:28
1090,547,71108,toplist09,2010-12-11 11:27:19
1091,547,71464,toplist09,2009-11-28 10:20:11
1092,547,71745,toplist09,2009-11-28 10:20:09
1093,547,72011,toplist09,2009-12-30 09:32:33
1094,547,72131,toplist09,2009-11-08 21:11:46
1095,547,72176,tivo,2016-10-10 21:02:47
1096,547,72226,toplist09,2009-11-28 10:20:36
1097,547,72395,toplist09,2009-12-30 09:37:02
1098,547,72720,toplist09,2010-04-16 20:29:33
1099,547,72741,tivo,2016-10-10 21:03:14
1100,547,73023,toplist09,2010-02-27 19:51:50
1101,547,74324,toplist10,2011-08-09 11:04:02
1102,547,74458,toplist10,2010-06-12 19:25:48
1103,547,74545,toplist10,2010-06-12 19:25:28
1104,547,77455,getdvd,2015-11-06 18:36:54
1105,547,77455,toplist10,2010-12-11 20:00:03
1106,547,78039,toplist10,2011-02-04 11:26:32
1107,547,78499,toplist10,2010-12-26 22:07:15
1108,547,78574,toplist10,2010-08-09 19:54:37
1109,547,78653,toplist09,2010-06-24 19:07:16
1110,547,79132,toplist10,2010-07-24 21:12:34
1111,547,79242,toplist10,2010-08-09 19:54:50
1112,547,80463,toplist10,2010-10-16 08:56:55
1113,547,80489,toplist10,2011-01-14 09:04:45
1114,547,81562,toplist10,2010-12-11 20:01:49
1115,547,81591,toplist10,2011-02-04 11:26:49
1116,547,81786,getdvd,2016-07-11 20:18:15
1117,547,81786,toplist11,2011-08-09 11:05:44
1118,547,81845,toplist10,2011-02-04 11:26:02
1119,547,81932,toplist10,2011-02-04 11:27:14
1120,547,82313,tivo,2016-10-17 02:15:44
1121,547,82459,toplist10,2011-02-04 11:26:18
1122,547,82463,toplist10,2011-03-08 11:24:13
1123,547,83976,toplist11,2012-01-31 17:54:54
1124,547,85394,toplist11,2011-08-09 11:07:23
1125,547,86320,toplist11,2011-10-07 20:15:55
1126,547,86833,toplist11,2011-08-09 11:04:48
1127,547,87304,toplist11,2011-08-09 11:04:38
1128,547,88129,toplist11,2011-12-02 23:28:54
1129,547,88235,toplist11,2011-12-02 23:33:50
1130,547,88810,toplist11,2011-12-03 12:10:57
1131,547,89260,toplist11,2012-02-18 02:56:33
1132,547,89470,toplist11,2011-10-07 20:16:08
1133,547,89492,toplist11,2011-10-07 20:15:45
1134,547,89759,toplist11,2012-01-25 17:10:28
1135,547,89804,toplist11,2011-12-02 23:29:44
1136,547,90057,toplist11,2011-12-02 23:33:19
1137,547,90376,toplist11,2012-01-25 17:11:38
1138,547,90439,toplist11,2012-03-23 13:02:53
1139,547,90531,toplist11,2012-01-25 17:11:54
1140,547,90866,toplist11,2012-01-25 17:11:27
1141,547,91077,toplist11,2011-12-02 23:32:37
1142,547,94931,toplist12,2012-12-16 00:52:07
1143,547,94959,toplist12,2012-07-14 19:42:22
1144,547,94969,getdvd,2014-08-30 12:15:47
1145,547,95135,toplist12,2012-12-08 17:11:22
1146,547,95449,toplist12,2012-12-31 20:56:07
1147,547,95558,toplist12,2012-09-21 09:05:33
1148,547,95761,dvd,2013-12-18 15:27:26
1149,547,96417,dvd,2013-05-05 07:23:56
1150,547,96588,toplist12,2012-12-16 00:51:38
1151,547,96610,dvd,2013-02-26 19:43:46
1152,547,96610,toplist12,2012-12-08 17:10:11
1153,547,96728,toplist12,2012-12-16 00:46:48
1154,547,96811,toplist12,2012-12-27 21:13:37
1155,547,96832,dvd,2013-05-22 15:44:43
1156,547,96832,toplist12,2012-12-25 09:49:41
1157,547,97304,toplist12,2012-11-16 16:20:38
1158,547,97673,toplist13,2013-11-05 10:03:38
1159,547,97752,toplist12,2012-12-08 17:10:35
1160,547,97921,toplist12,2012-12-08 17:10:59
1161,547,97923,toplist12,2012-12-27 21:15:18
1162,547,97938,toplist12,2012-12-08 17:11:34
1163,547,98154,toplist12,2012-12-08 17:10:27
1164,547,98961,toplist12,2012-12-19 23:11:23
1165,547,99114,toplist12,2013-01-07 12:56:46
1166,547,99149,toplist12,2012-12-23 20:14:44
1167,547,101285,getdvd,2013-12-11 08:07:33
1168,547,101525,toplist12,2013-12-05 17:44:48
1169,547,101895,toplist13,2013-11-05 10:03:56
1170,547,102194,toplist13,2013-12-10 12:17:40
1171,547,102469,getdvd,2013-12-15 10:35:48
1172,547,103107,toplist13,2014-03-28 20:12:07
1173,547,103372,toplist13,2013-11-05 10:02:30
1174,547,103449,dvd,2013-09-02 20:05:22
1175,547,103624,toplist13,2013-12-28 11:15:12
1176,547,103688,dvd,2016-08-27 18:47:55
1177,547,105197,toplist13,2013-12-10 12:15:13
1178,547,105355,toplist13,2014-04-10 17:07:18
1179,547,105504,toplist13,2013-12-05 17:44:16
1180,547,106100,toplist13,2014-01-15 11:40:32
1181,547,106766,toplist13,2013-12-10 12:20:20
1182,547,106916,toplist13,2013-12-10 12:14:06
1183,547,106920,toplist13,2013-12-10 12:13:18
1184,547,107141,toplist13,2013-12-13 20:16:58
1185,547,107636,tivo,2016-10-16 07:29:04
1186,547,109374,toplist14,2014-06-14 21:06:58
1187,547,110871,getdvd,2014-05-02 22:53:18
1188,547,111249,getdvd,2015-02-06 09:14:32
1189,547,111251,dvd,2014-09-17 15:15:41
1190,547,111251,toplist14,2015-10-31 14:59:12
1191,547,111505,getdvd,2014-05-19 17:48:45
1192,547,111622,toplist14,2015-01-01 22:30:17
1193,547,112070,tivo,2016-10-10 21:09:30
1194,547,112183,toplist14,2014-11-18 09:06:44
1195,547,112290,toplist14,2014-09-19 20:15:21
1196,547,112515,getdvd,2015-02-06 09:25:52
1197,547,112515,toplist14,2014-12-13 21:13:05
1198,547,112550,getdvd,2016-08-03 20:58:29
1199,547,112552,toplist14,2014-11-26 19:26:24
1200,547,112556,toplist14,2014-10-03 20:10:44
1201,547,112852,toplist14,2014-08-08 20:38:05
1202,547,113064,getdvd,2015-02-06 09:12:23
1203,547,114254,getdvd,2015-12-17 20:42:36
1204,547,114342,toplist14,2014-11-26 19:27:51
1205,547,114459,getdvd,2014-10-05 07:30:17
1206,547,114662,toplist14,2015-02-05 15:43:55
1207,547,115139,tcm,2014-10-16 08:01:53
1208,547,115569,toplist14,2015-05-09 21:32:12
1209,547,115713,toplist15,2015-10-30 18:48:51
1210,547,116161,toplist14,2014-11-26 19:31:40
1211,547,116797,toplist14,2015-03-08 07:30:53
1212,547,117176,toplist14,2014-11-26 19:26:48
1213,547,117533,dvd,2016-09-13 12:01:32
1214,547,117533,getdvd,2015-11-06 18:34:58
1215,547,117533,toplist14,2014-11-26 19:31:06
1216,547,118700,getdvd,2015-11-06 18:35:38
1217,547,118700,toplist14,2015-02-06 17:33:02
1218,547,118880,getdvd,2015-12-10 19:58:25
1219,547,118880,toplist14,2015-12-10 19:46:42
1220,547,122882,getdvd,2016-08-02 09:58:18
1221,547,122882,toplist15,2015-12-10 19:21:59
1222,547,123663,tivo,2016-10-16 07:35:42
1223,547,123695,tivo,2016-10-16 07:34:19
1224,547,127108,tivo,2016-10-16 07:28:21
1225,547,127108,toplist15,2015-12-10 19:32:18
1226,547,127114,toplist15,2015-12-10 19:30:46
1227,547,127144,tivo,2016-10-16 07:31:46
1228,547,127206,getdvd,2016-08-02 09:56:24
1229,547,127212,tivo,2016-10-10 21:07:02
1230,547,128235,tivo,2016-10-16 07:33:30
1231,547,128360,toplist15,2015-12-10 19:27:02
1232,547,128512,getdvd,2016-08-02 09:57:44
1233,547,128606,toplist15,2016-07-15 19:58:41
1234,547,131796,tivo,2016-10-16 07:32:47
1235,547,132458,tivo,2016-10-16 07:35:17
1236,547,132547,dvd,2016-09-13 12:00:44
1237,547,132549,tivo,2016-10-16 07:33:07
1238,547,132800,getdvd,2016-01-30 20:00:21
1239,547,133645,toplist15,2015-12-10 19:06:46
1240,547,133771,getdvd,2016-08-02 09:52:18
1241,547,134130,toplist15,2015-10-30 18:45:38
1242,547,134853,toplist15,2015-10-30 18:49:45
1243,547,134859,getdvd,2016-08-02 09:53:31
1244,547,134859,toplist15,2015-12-10 19:25:31
1245,547,134881,toplist15,2015-10-31 14:52:39
1246,547,137337,toplist15,2015-10-30 18:49:24
1247,547,139385,toplist15,2015-12-10 19:16:11
1248,547,139642,tivo,2016-10-16 07:27:18
1249,547,140174,toplist15,2015-10-30 18:51:43
1250,547,140715,tivo,2016-10-16 07:29:27
1251,547,140725,tivo,2016-10-16 07:27:39
1252,547,141749,toplist15,2016-07-09 20:51:58
1253,547,142488,toplist15,2015-12-10 19:07:07
1254,547,143385,toplist15,2015-10-30 18:52:17
1255,547,144172,bkk,2016-08-28 21:40:55
1256,547,146656,toplist15,2015-12-10 19:28:19
1257,547,148482,tivo,2016-10-16 07:30:53
1258,547,148626,toplist15,2015-12-10 19:23:57
1259,547,155064,bkk,2016-08-26 08:14:04
1260,547,156387,toplist16,2016-07-08 08:27:09
1261,547,158783,bkk,2016-06-17 08:56:10
1262,547,160954,bkk,2016-08-26 07:59:34
1263,547,161336,getdvd,2016-07-21 20:16:32
1264,547,161582,bkk,2016-09-01 19:13:50
1265,547,163056,bkk,2016-08-26 08:02:27
1266,547,163949,toplist16,2016-10-14 09:57:34
1267,547,164977,tivo,2016-10-10 21:05:46
1268,547,164979,tivo,2016-10-10 21:08:28
1269,567,138610,found footage,2015-07-14 04:16:41
1270,567,138610,survival horror,2015-07-14 04:16:52
1271,574,47044,Michael Mann,2009-01-24 21:29:47
1272,583,112552,determination,2015-05-02 05:57:30
1273,583,112552,devotion,2015-05-02 05:57:30
1274,583,112552,music,2015-05-02 05:57:30
1275,599,66203,honest,2012-08-05 08:15:59
1276,599,82152,alex pettyfer,2011-05-23 05:38:38
1277,611,105504,hijacking,2016-08-18 17:20:58
1278,611,105504,ocean,2016-08-18 17:20:36
1279,611,105504,pirates,2016-08-18 17:21:07
1280,611,105504,suspense,2016-08-18 17:20:44
1281,615,111384,revenge,2014-08-23 13:33:56
1282,615,111384,vengeance,2014-08-23 13:33:45
1283,615,111931,femme-fatale,2015-03-05 02:46:42
1284,615,111931,gritty,2015-03-05 02:46:42
1285,615,111931,low-budget,2015-03-05 02:46:42
1286,630,260,classic sci-fi,2015-10-02 23:12:46
1287,630,260,series,2015-10-02 23:13:23
1288,652,146501,gay,2015-12-08 05:36:56
1289,660,260,"imaginary world, characters, story, philosophical",2015-07-12 11:20:17
1290,660,260,script,2015-07-12 11:19:37
1291,660,135518,meaning of life,2015-07-12 11:31:25
1292,660,135518,philosophical,2015-07-12 11:31:25
1293,660,135518,sci-fi,2015-07-12 11:31:25
1294,663,260,action,2015-08-01 08:31:18
1295,663,260,Syfy,2015-08-01 08:30:50